Timestamp,Temperature (C),Humidity (%)
2024-07-18 11:43:45,Temperature,Humidity
2024-07-18 11:43:47,26.10,75.10
2024-07-18 11:43:49,26.20,75.10
2024-07-18 11:43:51,26.20,75.00
2024-07-18 11:43:53,26.20,74.90
2024-07-18 11:43:55,26.20,74.70
2024-07-18 11:43:57,26.20,74.40
2024-07-18 11:43:59,26.20,74.00
2024-07-18 11:44:01,26.20,73.80
2024-07-18 11:44:03,26.20,73.80
2024-07-18 11:44:06,26.20,73.70
2024-07-18 11:44:08,26.20,73.80
2024-07-18 11:44:10,26.20,73.80
2024-07-18 11:44:12,26.20,73.60
2024-07-18 11:44:14,26.20,73.50
2024-07-18 11:44:16,26.20,73.30
2024-07-18 11:44:18,26.20,73.20
2024-07-18 11:44:20,26.20,72.90
2024-07-18 11:44:22,26.20,72.60
2024-07-18 11:44:24,26.20,72.40
2024-07-18 11:44:26,26.20,72.30
2024-07-18 11:44:28,26.20,72.30
2024-07-18 11:44:30,26.20,72.30
2024-07-18 11:44:32,26.20,72.30
2024-07-18 11:44:34,26.20,72.10
2024-07-18 11:44:36,26.10,71.80
2024-07-18 11:44:38,26.10,71.60
2024-07-18 11:44:40,26.10,71.50
2024-07-18 11:44:42,26.10,71.30
2024-07-18 11:44:44,26.10,70.70
2024-07-18 11:44:46,26.00,70.50
2024-07-18 11:44:48,26.00,70.40
2024-07-18 11:44:50,26.00,70.40
2024-07-18 11:44:52,26.00,70.60
2024-07-18 11:44:54,26.00,70.70
2024-07-18 11:44:56,26.00,70.70
2024-07-18 11:44:58,25.90,70.60
2024-07-18 11:45:00,25.90,70.40
2024-07-18 11:45:02,25.90,70.30
2024-07-18 11:45:04,25.90,69.90
2024-07-18 11:45:06,25.90,69.50
2024-07-18 11:45:08,25.90,69.30
2024-07-18 11:45:10,25.80,69.20
2024-07-18 11:45:12,25.80,69.30
2024-07-18 11:45:14,25.80,69.40
2024-07-18 11:45:16,25.80,69.50
2024-07-18 11:45:18,25.80,69.60
2024-07-18 11:45:20,25.80,69.40
2024-07-18 11:45:23,25.70,69.20
2024-07-18 11:45:25,25.70,69.10
2024-07-18 11:45:27,25.70,69.00
2024-07-18 11:45:29,25.70,68.80
2024-07-18 11:45:31,25.60,68.60
2024-07-18 11:45:33,25.60,68.70
2024-07-18 11:45:35,25.60,68.70
2024-07-18 11:45:37,25.60,68.80
2024-07-18 11:45:39,25.50,69.00
2024-07-18 11:45:41,25.50,69.20
2024-07-18 11:45:43,25.50,69.10
2024-07-18 11:45:45,25.50,68.90
2024-07-18 11:45:47,25.50,68.80
2024-07-18 11:45:49,25.50,68.70
2024-07-18 11:45:51,25.50,68.50
2024-07-18 11:45:53,25.40,68.30
2024-07-18 11:45:55,25.40,68.20
2024-07-18 11:45:57,25.40,68.30
2024-07-18 11:45:59,25.40,68.40
2024-07-18 11:46:01,25.40,68.50
2024-07-18 11:46:03,25.40,68.50
2024-07-18 11:46:05,25.30,68.50
2024-07-18 11:46:07,25.30,68.20
2024-07-18 11:46:09,25.30,68.10
2024-07-18 11:46:11,25.20,68.10
2024-07-18 11:46:13,25.20,67.90
2024-07-18 11:46:15,25.20,67.80
2024-07-18 11:46:17,25.20,67.80
2024-07-18 11:46:19,25.20,67.80
2024-07-18 11:46:21,25.10,67.90
2024-07-18 11:46:23,25.10,68.00
2024-07-18 11:46:25,25.10,68.20
2024-07-18 11:46:27,25.10,68.30
2024-07-18 11:46:29,25.10,68.30
2024-07-18 11:46:31,25.10,68.30
2024-07-18 11:46:33,25.10,68.30
2024-07-18 11:46:35,25.00,68.20
2024-07-18 11:46:37,25.00,68.00
2024-07-18 11:46:39,25.00,67.80
2024-07-18 11:46:42,25.00,67.80
2024-07-18 11:46:44,25.00,67.80
2024-07-18 11:46:46,25.00,68.00
2024-07-18 11:46:48,25.00,68.00
2024-07-18 11:46:50,25.00,68.00
2024-07-18 11:46:52,24.90,67.90
2024-07-18 11:46:54,24.90,67.60
2024-07-18 11:46:56,24.90,67.40
2024-07-18 11:46:58,24.90,67.30
2024-07-18 11:47:00,24.90,67.20
2024-07-18 11:47:02,24.80,67.10
2024-07-18 11:47:04,24.80,67.20
2024-07-18 11:47:06,24.80,67.30
2024-07-18 11:47:08,24.80,67.40
2024-07-18 11:47:10,24.80,67.70
2024-07-18 11:47:12,24.80,67.80
2024-07-18 11:47:14,24.80,67.80
2024-07-18 11:47:16,24.80,67.70
2024-07-18 11:47:18,24.80,67.70
2024-07-18 11:47:20,24.80,67.70
2024-07-18 11:47:22,24.80,67.50
2024-07-18 11:47:24,24.80,67.30
2024-07-18 11:47:26,24.80,67.20
2024-07-18 11:47:28,24.80,67.20
2024-07-18 11:47:30,24.80,67.30
2024-07-18 11:47:32,24.80,67.40
2024-07-18 11:47:34,24.80,67.40
2024-07-18 11:47:36,24.80,67.30
2024-07-18 11:47:38,24.80,67.20
2024-07-18 11:47:40,24.80,67.10
2024-07-18 11:47:42,24.80,67.20
2024-07-18 11:47:44,24.80,67.00
2024-07-18 11:47:46,24.80,66.90
2024-07-18 11:47:48,24.80,66.80
2024-07-18 11:47:50,24.80,66.80
2024-07-18 11:47:52,24.80,66.90
2024-07-18 11:47:54,24.80,66.90
2024-07-18 11:47:56,24.80,67.00
2024-07-18 11:47:59,24.80,67.00
2024-07-18 11:48:01,24.80,67.00
2024-07-18 11:48:03,24.80,66.80
2024-07-18 11:48:05,24.80,66.80
2024-07-18 11:48:07,24.80,66.80
2024-07-18 11:48:09,24.80,66.50
2024-07-18 11:48:11,24.80,66.30
2024-07-18 11:48:13,24.80,66.30
2024-07-18 11:48:15,24.80,66.30
2024-07-18 11:48:17,24.80,66.40
2024-07-18 11:48:19,24.80,66.50
2024-07-18 11:48:21,24.80,66.50
2024-07-18 11:48:23,24.80,66.40
2024-07-18 11:48:25,24.80,66.20
2024-07-18 11:48:27,24.80,66.10
2024-07-18 11:48:29,24.80,66.00
2024-07-18 11:48:31,24.80,65.80
2024-07-18 11:48:33,24.80,65.60
2024-07-18 11:48:35,24.80,65.50
2024-07-18 11:48:37,24.80,65.50
2024-07-18 11:48:39,24.80,65.50
2024-07-18 11:48:41,24.80,65.60
2024-07-18 11:48:43,24.80,65.60
2024-07-18 11:48:45,24.80,65.50
2024-07-18 11:48:47,24.90,65.30
2024-07-18 11:48:49,24.90,65.30
2024-07-18 11:48:51,24.90,65.20
2024-07-18 11:48:53,24.80,65.10
2024-07-18 11:48:55,24.80,64.90
2024-07-18 11:48:57,24.80,64.80
2024-07-18 11:48:59,24.80,64.80
2024-07-18 11:49:01,24.90,64.80
2024-07-18 11:49:03,24.90,64.90
2024-07-18 11:49:05,24.90,64.90
2024-07-18 11:49:07,24.90,64.80
2024-07-18 11:49:09,24.90,64.70
2024-07-18 11:49:11,24.90,64.60
2024-07-18 11:49:13,24.90,64.50
2024-07-18 11:49:15,24.90,64.30
2024-07-18 11:49:18,24.90,64.10
2024-07-18 11:49:20,24.90,64.00
2024-07-18 11:49:22,24.90,64.00
2024-07-18 11:49:24,24.90,64.00
2024-07-18 11:49:26,24.90,64.10
2024-07-18 11:49:28,24.90,64.20
2024-07-18 11:49:30,24.90,64.20
2024-07-18 11:49:32,24.90,64.20
2024-07-18 11:49:34,24.90,64.10
2024-07-18 11:49:36,24.90,64.10
2024-07-18 11:49:38,24.90,64.00
2024-07-18 11:49:40,24.90,63.70
2024-07-18 11:49:42,24.90,63.50
2024-07-18 11:49:44,24.90,63.50
2024-07-18 11:49:46,24.90,63.50
2024-07-18 11:49:48,24.90,63.60
2024-07-18 11:49:50,24.90,63.70
2024-07-18 11:49:52,24.90,63.80
2024-07-18 11:49:54,24.90,63.70
2024-07-18 11:49:56,24.90,63.40
2024-07-18 11:49:58,24.80,63.30
2024-07-18 11:50:00,24.80,63.10
2024-07-18 11:50:02,24.80,62.90
2024-07-18 11:50:04,24.80,62.80
2024-07-18 11:50:06,24.80,62.80
2024-07-18 11:50:08,24.80,62.80
2024-07-18 11:50:10,24.80,62.90
2024-07-18 11:50:12,24.80,63.00
2024-07-18 11:50:14,24.80,63.00
2024-07-18 11:50:16,24.80,63.00
2024-07-18 11:50:18,24.80,62.80
2024-07-18 11:50:20,24.80,62.70
2024-07-18 11:50:22,24.70,62.80
2024-07-18 11:50:24,24.70,62.60
2024-07-18 11:50:26,24.70,62.50
2024-07-18 11:50:28,24.70,62.50
2024-07-18 11:50:30,24.60,62.60
2024-07-18 11:50:32,24.60,62.60
2024-07-18 11:50:34,24.60,62.70
2024-07-18 11:50:37,24.60,62.80
2024-07-18 11:50:39,24.60,62.90
2024-07-18 11:50:41,24.60,62.80
2024-07-18 11:50:43,24.50,62.80
2024-07-18 11:50:45,24.50,62.80
2024-07-18 11:50:47,24.50,62.70
2024-07-18 11:50:49,24.50,62.50
2024-07-18 11:50:51,24.50,62.50
2024-07-18 11:50:53,24.50,62.50
2024-07-18 11:50:55,24.50,62.60
2024-07-18 11:50:57,24.50,62.70
2024-07-18 11:50:59,24.50,62.80
2024-07-18 11:51:01,24.50,62.90
2024-07-18 11:51:03,24.40,63.00
2024-07-18 11:51:05,24.40,63.10
2024-07-18 11:51:07,24.40,63.40
2024-07-18 11:51:09,24.40,63.80
2024-07-18 11:51:11,24.40,64.20
2024-07-18 11:51:13,24.40,64.40
2024-07-18 11:51:15,24.40,64.70
2024-07-18 11:51:17,24.40,64.80
2024-07-18 11:51:19,24.40,64.90
2024-07-18 11:51:21,24.40,65.00
2024-07-18 11:51:23,24.40,65.10
2024-07-18 11:51:25,24.40,65.40
2024-07-18 11:51:27,24.40,65.80
2024-07-18 11:51:29,24.50,66.20
2024-07-18 11:51:31,24.40,66.40
2024-07-18 11:51:33,24.50,66.90
2024-07-18 11:51:35,24.50,67.30
2024-07-18 11:51:37,24.50,67.70
2024-07-18 11:51:39,24.50,67.90
2024-07-18 11:51:41,24.50,68.00
2024-07-18 11:51:43,24.50,68.00
2024-07-18 11:51:45,24.50,68.10
2024-07-18 11:51:47,24.50,68.20
2024-07-18 11:51:49,24.60,68.60
2024-07-18 11:51:51,24.60,68.90
2024-07-18 11:51:54,24.60,69.00
2024-07-18 11:51:56,24.60,69.10
2024-07-18 11:51:58,24.60,69.40
2024-07-18 11:52:00,24.70,69.60
2024-07-18 11:52:02,24.70,69.70
2024-07-18 11:52:04,24.70,69.80
2024-07-18 11:52:06,24.70,69.90
2024-07-18 11:52:08,24.80,69.80
2024-07-18 11:52:10,24.80,69.90
2024-07-18 11:52:12,24.80,70.30
2024-07-18 11:52:14,24.80,70.60
2024-07-18 11:52:16,24.80,70.90
2024-07-18 11:52:18,24.80,71.20
2024-07-18 11:52:20,24.90,71.30
2024-07-18 11:52:22,24.90,71.50
2024-07-18 11:52:24,24.90,71.50
2024-07-18 11:52:26,24.90,71.60
2024-07-18 11:52:28,24.90,71.60
2024-07-18 11:52:30,24.90,71.60
2024-07-18 11:52:32,24.90,71.60
2024-07-18 11:52:34,25.00,71.70
2024-07-18 11:52:36,25.00,71.80
2024-07-18 11:52:38,25.00,71.90
2024-07-18 11:52:40,25.00,71.90
2024-07-18 11:52:42,25.00,72.20
2024-07-18 11:52:44,25.10,72.50
2024-07-18 11:52:46,25.10,72.60
2024-07-18 11:52:48,25.10,72.60
2024-07-18 11:52:50,25.10,72.50
2024-07-18 11:52:52,25.10,72.50
2024-07-18 11:52:54,25.20,72.50
2024-07-18 11:52:56,25.20,72.60
2024-07-18 11:52:58,25.20,72.90
2024-07-18 11:53:00,25.20,72.90
2024-07-18 11:53:02,25.20,73.00
2024-07-18 11:53:04,25.20,73.20
2024-07-18 11:53:06,25.30,73.30
2024-07-18 11:53:08,25.30,73.50
2024-07-18 11:53:10,25.30,73.50
2024-07-18 11:53:13,25.30,73.60
2024-07-18 11:53:15,25.40,73.50
2024-07-18 11:53:17,25.40,73.50
2024-07-18 11:53:19,25.40,73.70
2024-07-18 11:53:21,25.40,73.90
2024-07-18 11:53:23,25.50,73.90
2024-07-18 11:53:25,25.50,73.90
2024-07-18 11:53:27,25.50,74.00
2024-07-18 11:53:29,25.50,74.10
2024-07-18 11:53:31,25.50,74.20
2024-07-18 11:53:33,25.50,74.20
2024-07-18 11:53:35,25.50,74.20
2024-07-18 11:53:37,25.50,74.20
2024-07-18 11:53:39,25.50,74.20
2024-07-18 11:53:41,25.60,74.20
2024-07-18 11:53:43,25.60,74.40
2024-07-18 11:53:45,25.60,74.60
2024-07-18 11:53:47,25.60,74.70
2024-07-18 11:53:49,25.60,74.80
2024-07-18 11:53:51,25.70,74.90
2024-07-18 11:53:53,25.70,75.00
2024-07-18 11:53:55,25.70,75.10
2024-07-18 11:53:57,25.70,75.10
2024-07-18 11:53:59,25.70,75.20
2024-07-18 11:54:01,25.70,75.10
2024-07-18 11:54:03,25.70,75.20
2024-07-18 11:54:05,25.80,75.20
2024-07-18 11:54:07,25.80,75.20
2024-07-18 11:54:09,25.80,75.30
2024-07-18 11:54:11,25.80,75.50
2024-07-18 11:54:13,25.80,75.70
2024-07-18 11:54:15,25.80,75.80
2024-07-18 11:54:17,25.80,75.90
2024-07-18 11:54:19,25.90,75.80
2024-07-18 11:54:21,25.80,75.80
2024-07-18 11:54:23,25.90,75.70
2024-07-18 11:54:25,25.90,75.70
2024-07-18 11:54:27,25.90,75.70
2024-07-18 11:54:30,25.90,75.60
2024-07-18 11:54:32,25.90,75.50
2024-07-18 11:54:34,25.90,75.40
2024-07-18 11:54:36,25.90,75.20
2024-07-18 11:54:38,25.90,75.20
2024-07-18 11:54:40,25.90,75.20
2024-07-18 11:54:42,25.90,75.10
2024-07-18 11:54:44,26.00,75.00
2024-07-18 11:54:46,26.00,75.00
2024-07-18 11:54:48,26.00,75.00
2024-07-18 11:54:50,26.00,74.70
2024-07-18 11:54:52,26.00,74.40
2024-07-18 11:54:54,26.00,74.20
2024-07-18 11:54:56,26.00,73.80
2024-07-18 11:54:58,25.90,73.50
2024-07-18 11:55:00,25.90,73.40
2024-07-18 11:55:02,25.90,73.30
2024-07-18 11:55:04,25.90,73.20
2024-07-18 11:55:06,25.90,73.20
2024-07-18 11:55:08,25.90,73.20
2024-07-18 11:55:10,25.90,73.10
2024-07-18 11:55:12,25.90,72.90
2024-07-18 11:55:14,25.90,72.80
2024-07-18 11:55:16,25.90,72.60
2024-07-18 11:55:18,25.90,72.50
2024-07-18 11:55:20,25.90,72.40
2024-07-18 11:55:22,25.90,72.10
2024-07-18 11:55:24,25.80,71.90
2024-07-18 11:55:26,25.90,71.80
2024-07-18 11:55:28,25.80,71.80
2024-07-18 11:55:30,25.80,71.90
2024-07-18 11:55:32,25.80,71.90
2024-07-18 11:55:34,25.80,71.90
2024-07-18 11:55:36,25.80,71.60
2024-07-18 11:55:38,25.80,71.30
2024-07-18 11:55:40,25.80,71.00
2024-07-18 11:55:42,25.80,70.70
2024-07-18 11:55:44,25.80,70.50
2024-07-18 11:55:46,25.70,70.40
2024-07-18 11:55:49,25.70,70.30
2024-07-18 11:55:51,25.70,70.40
2024-07-18 11:55:53,25.70,70.50
2024-07-18 11:55:55,25.70,70.60
2024-07-18 11:55:57,25.70,70.70
2024-07-18 11:55:59,25.70,70.60
2024-07-18 11:56:01,25.70,70.40
2024-07-18 11:56:03,25.70,70.20
2024-07-18 11:56:05,25.70,70.20
2024-07-18 11:56:07,25.70,70.10
2024-07-18 11:56:09,25.60,69.90
2024-07-18 11:56:11,25.70,69.80
2024-07-18 11:56:13,25.60,69.80
2024-07-18 11:56:15,25.60,69.90
2024-07-18 11:56:17,25.60,70.00
2024-07-18 11:56:19,25.60,70.10
2024-07-18 11:56:21,25.60,69.90
2024-07-18 11:56:23,25.60,69.60
2024-07-18 11:56:25,25.60,69.50
2024-07-18 11:56:27,25.60,69.40
2024-07-18 11:56:29,25.60,69.20
2024-07-18 11:56:31,25.50,68.90
2024-07-18 11:56:33,25.50,68.80
2024-07-18 11:56:35,25.50,68.70
2024-07-18 11:56:37,25.50,68.70
2024-07-18 11:56:39,25.50,68.80
2024-07-18 11:56:41,25.50,68.80
2024-07-18 11:56:43,25.50,68.80
2024-07-18 11:56:45,25.50,68.70
2024-07-18 11:56:47,25.50,68.60
2024-07-18 11:56:49,25.50,68.50
2024-07-18 11:56:51,25.40,68.40
2024-07-18 11:56:53,25.40,68.20
2024-07-18 11:56:55,25.40,68.00
2024-07-18 11:56:57,25.40,67.90
2024-07-18 11:56:59,25.40,68.00
2024-07-18 11:57:01,25.30,68.10
2024-07-18 11:57:03,25.40,68.20
2024-07-18 11:57:05,25.30,68.20
2024-07-18 11:57:08,25.30,68.00
2024-07-18 11:57:10,25.30,67.80
2024-07-18 11:57:12,25.30,67.70
2024-07-18 11:57:14,25.30,67.60
2024-07-18 11:57:16,25.20,67.50
2024-07-18 11:57:18,25.20,67.30
2024-07-18 11:57:20,25.20,67.30
2024-07-18 11:57:22,25.20,67.30
2024-07-18 11:57:24,25.20,67.50
2024-07-18 11:57:26,25.20,67.70
2024-07-18 11:57:28,25.20,67.70
2024-07-18 11:57:30,25.20,67.70
2024-07-18 11:57:32,25.20,67.70
2024-07-18 11:57:34,25.20,67.60
2024-07-18 11:57:36,25.20,67.60
2024-07-18 11:57:38,25.20,67.40
2024-07-18 11:57:40,25.10,67.30
2024-07-18 11:57:42,25.10,67.20
2024-07-18 11:57:44,25.10,67.20
2024-07-18 11:57:46,25.10,67.30
2024-07-18 11:57:48,25.10,67.40
2024-07-18 11:57:50,25.10,67.50
2024-07-18 11:57:52,25.10,67.40
2024-07-18 11:57:54,25.10,67.30
2024-07-18 11:57:56,25.10,67.20
2024-07-18 11:57:58,25.10,67.10
2024-07-18 11:58:00,25.10,67.00
2024-07-18 11:58:02,25.10,66.70
2024-07-18 11:58:04,25.10,66.50
2024-07-18 11:58:06,25.10,66.50
2024-07-18 11:58:08,25.10,66.50
2024-07-18 11:58:10,25.10,66.60
2024-07-18 11:58:12,25.00,66.70
2024-07-18 11:58:14,25.10,66.60
2024-07-18 11:58:16,25.00,66.50
2024-07-18 11:58:18,25.00,66.40
2024-07-18 11:58:20,25.00,66.30
2024-07-18 11:58:22,25.00,66.30
2024-07-18 11:58:24,25.00,66.00
2024-07-18 11:58:27,25.00,65.90
2024-07-18 11:58:29,25.00,65.80
2024-07-18 11:58:31,25.00,65.90
2024-07-18 11:58:33,25.00,65.90
2024-07-18 11:58:35,25.00,66.00
2024-07-18 11:58:37,25.00,65.90
2024-07-18 11:58:39,24.90,65.70
2024-07-18 11:58:41,24.90,65.50
2024-07-18 11:58:43,24.90,65.40
2024-07-18 11:58:45,24.90,65.30
2024-07-18 11:58:47,24.90,65.10
2024-07-18 11:58:49,24.90,65.00
2024-07-18 11:58:51,24.80,65.00
2024-07-18 11:58:53,24.80,65.10
2024-07-18 11:58:55,24.80,65.30
2024-07-18 11:58:57,24.80,65.50
2024-07-18 11:58:59,24.80,65.40
2024-07-18 11:59:01,24.80,65.20
2024-07-18 11:59:03,24.80,65.10
2024-07-18 11:59:05,24.80,65.00
2024-07-18 11:59:07,24.80,65.00
2024-07-18 11:59:09,24.80,64.80
2024-07-18 11:59:11,24.70,64.70
2024-07-18 11:59:13,24.70,64.70
2024-07-18 11:59:15,24.70,64.70
2024-07-18 11:59:17,24.70,64.80
2024-07-18 11:59:19,24.70,65.00
2024-07-18 11:59:21,24.60,65.20
2024-07-18 11:59:23,24.60,65.30
2024-07-18 11:59:25,24.60,65.20
2024-07-18 11:59:27,24.60,65.10
2024-07-18 11:59:29,24.60,65.10
2024-07-18 11:59:31,24.60,64.90
2024-07-18 11:59:33,24.60,64.80
2024-07-18 11:59:35,24.60,64.70
2024-07-18 11:59:37,24.60,64.70
2024-07-18 11:59:39,24.60,64.80
2024-07-18 11:59:41,24.60,65.00
2024-07-18 11:59:43,24.60,65.00
2024-07-18 11:59:46,24.60,64.90
2024-07-18 11:59:48,24.50,64.80
2024-07-18 11:59:50,24.50,64.60
2024-07-18 11:59:52,24.50,64.60
2024-07-18 11:59:54,24.50,64.50
2024-07-18 11:59:56,24.50,64.10
2024-07-18 11:59:58,24.50,64.00
2024-07-18 12:00:00,24.50,64.10
2024-07-18 12:00:02,24.50,64.20
2024-07-18 12:00:04,24.40,64.30
2024-07-18 12:00:06,24.40,64.40
2024-07-18 12:00:08,24.40,64.30
2024-07-18 12:00:10,24.40,64.30
2024-07-18 12:00:12,24.40,64.30
2024-07-18 12:00:14,24.40,64.20
2024-07-18 12:00:16,24.40,64.20
2024-07-18 12:00:18,24.40,64.00
2024-07-18 12:00:20,24.30,63.90
2024-07-18 12:00:22,24.30,63.90
2024-07-18 12:00:24,24.30,64.10
2024-07-18 12:00:26,24.30,64.20
2024-07-18 12:00:28,24.30,64.40
2024-07-18 12:00:30,24.30,64.50
2024-07-18 12:00:32,24.30,64.80
2024-07-18 12:00:34,24.30,65.10
2024-07-18 12:00:36,24.30,65.40
2024-07-18 12:00:38,24.30,65.80
2024-07-18 12:00:40,24.30,66.40
2024-07-18 12:00:42,24.30,66.90
2024-07-18 12:00:44,24.30,67.20
2024-07-18 12:00:46,24.30,67.30
2024-07-18 12:00:48,24.30,67.30
2024-07-18 12:00:50,24.30,67.20
2024-07-18 12:00:52,24.30,67.30
2024-07-18 12:00:54,24.40,67.60
2024-07-18 12:00:56,24.30,68.20
2024-07-18 12:00:58,24.40,68.70
2024-07-18 12:01:00,24.40,68.90
2024-07-18 12:01:02,24.40,69.20
2024-07-18 12:01:05,24.40,69.70
2024-07-18 12:01:07,24.40,70.00
2024-07-18 12:01:09,24.50,70.20
2024-07-18 12:01:11,24.50,70.40
2024-07-18 12:01:13,24.50,70.40
2024-07-18 12:01:15,24.50,70.40
2024-07-18 12:01:17,24.50,70.50
2024-07-18 12:01:19,24.50,70.60
2024-07-18 12:01:21,24.50,70.90
2024-07-18 12:01:23,24.60,70.90
2024-07-18 12:01:25,24.60,71.00
2024-07-18 12:01:27,24.60,71.40
2024-07-18 12:01:29,24.60,71.60
2024-07-18 12:01:31,24.70,71.70
2024-07-18 12:01:33,24.70,71.90
2024-07-18 12:01:35,24.70,71.90
2024-07-18 12:01:37,24.70,71.70
2024-07-18 12:01:39,24.70,71.70
2024-07-18 12:01:41,24.80,71.90
2024-07-18 12:01:43,24.80,72.10
2024-07-18 12:01:45,24.80,72.30
2024-07-18 12:01:47,24.80,72.50
2024-07-18 12:01:49,24.80,72.70
2024-07-18 12:01:51,24.90,72.90
2024-07-18 12:01:53,24.90,72.90
2024-07-18 12:01:55,24.90,73.00
2024-07-18 12:01:57,24.90,73.00
2024-07-18 12:01:59,24.90,73.00
2024-07-18 12:02:01,24.90,73.00
2024-07-18 12:02:03,25.00,73.10
2024-07-18 12:02:05,25.00,73.20
2024-07-18 12:02:07,25.00,73.30
2024-07-18 12:02:09,25.00,73.30
2024-07-18 12:02:11,25.00,73.60
2024-07-18 12:02:13,25.10,73.60
2024-07-18 12:02:15,25.10,73.80
2024-07-18 12:02:17,25.10,73.80
2024-07-18 12:02:19,25.10,73.70
2024-07-18 12:02:22,25.10,73.70
2024-07-18 12:02:24,25.20,73.60
2024-07-18 12:02:26,25.20,73.80
2024-07-18 12:02:28,25.20,74.00
2024-07-18 12:02:30,25.20,74.00
2024-07-18 12:02:32,25.20,74.10
2024-07-18 12:02:34,25.30,74.20
2024-07-18 12:02:36,25.30,74.40
2024-07-18 12:02:38,25.30,74.60
2024-07-18 12:02:40,25.30,74.60
2024-07-18 12:02:42,25.30,74.60
2024-07-18 12:02:44,25.30,74.50
2024-07-18 12:02:46,25.40,74.40
2024-07-18 12:02:48,25.40,74.50
2024-07-18 12:02:50,25.40,74.70
2024-07-18 12:02:52,25.40,75.00
2024-07-18 12:02:54,25.40,75.30
2024-07-18 12:02:56,25.50,75.40
2024-07-18 12:02:58,25.50,75.60
2024-07-18 12:03:00,25.50,75.70
2024-07-18 12:03:02,25.50,75.80
2024-07-18 12:03:04,25.50,75.70
2024-07-18 12:03:06,25.50,75.70
2024-07-18 12:03:08,25.50,75.70
2024-07-18 12:03:10,25.50,75.70
2024-07-18 12:03:12,25.50,75.70
2024-07-18 12:03:14,25.50,75.80
2024-07-18 12:03:16,25.60,75.80
2024-07-18 12:03:18,25.60,75.80
2024-07-18 12:03:20,25.60,76.10
2024-07-18 12:03:22,25.60,76.30
2024-07-18 12:03:24,25.70,76.30
2024-07-18 12:03:26,25.70,76.30
2024-07-18 12:03:28,25.70,76.30
2024-07-18 12:03:30,25.70,76.30
2024-07-18 12:03:32,25.70,76.30
2024-07-18 12:03:34,25.70,76.60
2024-07-18 12:03:36,25.70,76.80
2024-07-18 12:03:38,25.70,76.80
2024-07-18 12:03:41,25.80,76.80
2024-07-18 12:03:43,25.80,77.00
2024-07-18 12:03:45,25.80,77.10
2024-07-18 12:03:47,25.80,77.10
2024-07-18 12:03:49,25.80,77.20
2024-07-18 12:03:51,25.80,77.10
2024-07-18 12:03:53,25.80,77.00
2024-07-18 12:03:55,25.80,77.00
2024-07-18 12:03:57,25.80,76.80
2024-07-18 12:03:59,25.80,76.80
2024-07-18 12:04:01,25.80,76.70
2024-07-18 12:04:03,25.80,76.60
2024-07-18 12:04:05,25.80,76.40
2024-07-18 12:04:07,25.80,76.20
2024-07-18 12:04:09,25.80,76.10
2024-07-18 12:04:11,25.80,76.00
2024-07-18 12:04:13,25.80,75.90
2024-07-18 12:04:15,25.80,75.90
2024-07-18 12:04:17,25.80,75.80
2024-07-18 12:04:19,25.80,75.70
2024-07-18 12:04:21,25.90,75.60
2024-07-18 12:04:23,25.80,75.40
2024-07-18 12:04:25,25.90,75.20
2024-07-18 12:04:27,25.80,75.20
2024-07-18 12:04:29,25.80,74.70
2024-07-18 12:04:31,25.80,74.40
2024-07-18 12:04:33,25.80,74.40
2024-07-18 12:04:35,25.80,74.30
2024-07-18 12:04:37,25.80,74.20
2024-07-18 12:04:39,25.80,74.20
2024-07-18 12:04:41,25.80,74.10
2024-07-18 12:04:43,25.80,73.70
2024-07-18 12:04:45,25.80,73.40
2024-07-18 12:04:47,25.80,73.30
2024-07-18 12:04:49,25.80,73.00
2024-07-18 12:04:51,25.70,72.70
2024-07-18 12:04:53,25.70,72.40
2024-07-18 12:04:55,25.70,72.30
2024-07-18 12:04:58,25.70,72.30
2024-07-18 12:05:00,25.70,72.50
2024-07-18 12:05:02,25.70,72.50
2024-07-18 12:05:04,25.70,72.30
2024-07-18 12:05:06,25.60,72.00
2024-07-18 12:05:08,25.60,71.80
2024-07-18 12:05:10,25.60,71.70
2024-07-18 12:05:12,25.60,71.60
2024-07-18 12:05:14,25.60,71.40
2024-07-18 12:05:16,25.50,71.10
2024-07-18 12:05:18,25.50,71.10
2024-07-18 12:05:20,25.50,71.20
2024-07-18 12:05:22,25.50,71.30
2024-07-18 12:05:24,25.50,71.30
2024-07-18 12:05:26,25.50,71.30
2024-07-18 12:05:28,25.50,71.10
2024-07-18 12:05:30,25.40,70.90
2024-07-18 12:05:32,25.40,70.70
2024-07-18 12:05:34,25.40,70.60
2024-07-18 12:05:36,25.40,70.50
2024-07-18 12:05:38,25.40,70.30
2024-07-18 12:05:40,25.30,70.30
2024-07-18 12:05:42,25.30,70.40
2024-07-18 12:05:44,25.30,70.50
2024-07-18 12:05:46,25.30,70.60
2024-07-18 12:05:48,25.30,70.60
2024-07-18 12:05:50,25.30,70.50
2024-07-18 12:05:52,25.30,70.30
2024-07-18 12:05:54,25.20,70.30
2024-07-18 12:05:56,25.20,70.30
2024-07-18 12:05:58,25.20,70.30
2024-07-18 12:06:00,25.20,70.20
2024-07-18 12:06:02,25.20,69.90
2024-07-18 12:06:04,25.20,69.90
2024-07-18 12:06:06,25.20,70.00
2024-07-18 12:06:08,25.20,70.10
2024-07-18 12:06:10,25.20,70.20
2024-07-18 12:06:12,25.20,70.00
2024-07-18 12:06:14,25.20,69.90
2024-07-18 12:06:17,25.10,69.70
2024-07-18 12:06:19,25.10,69.60
2024-07-18 12:06:21,25.10,69.50
2024-07-18 12:06:23,25.10,69.30
2024-07-18 12:06:25,25.00,69.20
2024-07-18 12:06:27,25.00,69.20
2024-07-18 12:06:29,25.00,69.30
2024-07-18 12:06:31,25.00,69.40
2024-07-18 12:06:33,25.00,69.50
2024-07-18 12:06:35,25.00,69.50
2024-07-18 12:06:37,24.90,69.40
2024-07-18 12:06:39,24.90,69.20
2024-07-18 12:06:41,24.90,69.10
2024-07-18 12:06:43,24.90,69.10
2024-07-18 12:06:45,24.90,69.00
2024-07-18 12:06:47,24.90,68.80
2024-07-18 12:06:49,24.90,68.70
2024-07-18 12:06:51,24.90,68.80
2024-07-18 12:06:53,24.90,68.90
2024-07-18 12:06:55,24.90,69.00
2024-07-18 12:06:57,24.80,69.00
2024-07-18 12:06:59,24.90,69.00
2024-07-18 12:07:01,24.80,68.90
2024-07-18 12:07:03,24.80,68.70
2024-07-18 12:07:05,24.80,68.60
2024-07-18 12:07:07,24.80,68.50
2024-07-18 12:07:09,24.80,68.30
2024-07-18 12:07:11,24.80,68.30
2024-07-18 12:07:13,24.80,68.30
2024-07-18 12:07:15,24.80,68.40
2024-07-18 12:07:17,24.80,68.50
2024-07-18 12:07:19,24.80,68.70
2024-07-18 12:07:21,24.80,68.70
2024-07-18 12:07:23,24.80,68.60
2024-07-18 12:07:25,24.80,68.40
2024-07-18 12:07:27,24.70,68.50
2024-07-18 12:07:29,24.70,68.40
2024-07-18 12:07:31,24.70,68.10
2024-07-18 12:07:34,24.70,68.10
2024-07-18 12:07:36,24.70,68.10
2024-07-18 12:07:38,24.70,68.10
2024-07-18 12:07:40,24.70,68.10
2024-07-18 12:07:42,24.70,68.20
2024-07-18 12:07:44,24.70,68.10
2024-07-18 12:07:46,24.70,67.90
2024-07-18 12:07:48,24.70,67.80
2024-07-18 12:07:50,24.70,67.70
2024-07-18 12:07:52,24.70,67.70
2024-07-18 12:07:54,24.60,67.50
2024-07-18 12:07:56,24.60,67.40
2024-07-18 12:07:58,24.60,67.30
2024-07-18 12:08:00,24.60,67.40
2024-07-18 12:08:02,24.60,67.50
2024-07-18 12:08:04,24.60,67.60
2024-07-18 12:08:06,24.60,67.50
2024-07-18 12:08:08,24.60,67.20
2024-07-18 12:08:10,24.50,67.20
2024-07-18 12:08:12,24.60,67.10
2024-07-18 12:08:14,24.60,67.10
2024-07-18 12:08:16,24.50,67.00
2024-07-18 12:08:18,24.50,66.70
2024-07-18 12:08:20,24.50,66.70
2024-07-18 12:08:22,24.50,66.70
2024-07-18 12:08:24,24.50,66.80
2024-07-18 12:08:26,24.50,66.90
2024-07-18 12:08:28,24.50,67.00
2024-07-18 12:08:30,24.50,67.10
2024-07-18 12:08:32,24.50,66.90
2024-07-18 12:08:34,24.50,66.80
2024-07-18 12:08:36,24.40,66.80
2024-07-18 12:08:38,24.40,66.60
2024-07-18 12:08:40,24.40,66.40
2024-07-18 12:08:42,24.40,66.30
2024-07-18 12:08:44,24.40,66.40
2024-07-18 12:08:46,24.40,66.40
2024-07-18 12:08:48,24.40,66.50
2024-07-18 12:08:50,24.40,66.50
2024-07-18 12:08:53,24.40,66.40
2024-07-18 12:08:55,24.40,66.20
2024-07-18 12:08:57,24.30,66.10
2024-07-18 12:08:59,24.30,66.10
2024-07-18 12:09:01,24.30,66.00
2024-07-18 12:09:03,24.30,65.80
2024-07-18 12:09:05,24.30,65.70
2024-07-18 12:09:07,24.30,65.80
2024-07-18 12:09:09,24.30,65.90
2024-07-18 12:09:11,24.30,65.90
2024-07-18 12:09:13,24.30,66.00
2024-07-18 12:09:15,24.30,65.90
2024-07-18 12:09:17,24.30,65.90
2024-07-18 12:09:19,24.30,65.90
2024-07-18 12:09:21,24.30,65.90
2024-07-18 12:09:23,24.20,65.90
2024-07-18 12:09:25,24.20,65.80
2024-07-18 12:09:27,24.20,65.50
2024-07-18 12:09:29,24.20,65.50
2024-07-18 12:09:31,24.20,65.60
2024-07-18 12:09:33,24.20,65.70
2024-07-18 12:09:35,24.20,65.90
2024-07-18 12:09:37,24.20,65.90
2024-07-18 12:09:39,24.20,65.80
2024-07-18 12:09:41,24.20,65.70
2024-07-18 12:09:43,24.20,65.60
2024-07-18 12:09:45,24.20,65.60
2024-07-18 12:09:47,24.20,65.80
2024-07-18 12:09:49,24.20,66.10
2024-07-18 12:09:51,24.20,66.30
2024-07-18 12:09:53,24.20,66.60
2024-07-18 12:09:55,24.10,66.60
2024-07-18 12:09:57,24.20,66.70
2024-07-18 12:09:59,24.20,67.00
2024-07-18 12:10:01,24.20,67.30
2024-07-18 12:10:03,24.20,67.80
2024-07-18 12:10:05,24.20,68.10
2024-07-18 12:10:07,24.20,68.20
2024-07-18 12:10:09,24.20,68.40
2024-07-18 12:10:12,24.30,68.90
2024-07-18 12:10:14,24.30,69.20
2024-07-18 12:10:16,24.30,69.40
2024-07-18 12:10:18,24.30,69.50
2024-07-18 12:10:20,24.30,69.70
2024-07-18 12:10:22,24.30,69.90
2024-07-18 12:10:24,24.30,70.10
2024-07-18 12:10:26,24.30,70.80
2024-07-18 12:10:28,24.40,71.20
2024-07-18 12:10:30,24.40,71.40
2024-07-18 12:10:32,24.40,71.70
2024-07-18 12:10:34,24.40,72.10
2024-07-18 12:10:36,24.50,72.50
2024-07-18 12:10:38,24.50,72.70
2024-07-18 12:10:40,24.50,72.70
2024-07-18 12:10:42,24.50,72.70
2024-07-18 12:10:44,24.50,72.50
2024-07-18 12:10:46,24.50,72.50
2024-07-18 12:10:48,24.60,72.70
2024-07-18 12:10:50,24.60,72.90
2024-07-18 12:10:52,24.60,73.10
2024-07-18 12:10:54,24.60,73.30
2024-07-18 12:10:56,24.70,73.70
2024-07-18 12:10:58,24.70,73.90
2024-07-18 12:11:00,24.70,73.90
2024-07-18 12:11:02,24.70,73.90
2024-07-18 12:11:04,24.70,73.80
2024-07-18 12:11:06,24.80,73.60
2024-07-18 12:11:08,24.80,73.60
2024-07-18 12:11:10,24.80,73.80
2024-07-18 12:11:12,24.80,74.00
2024-07-18 12:11:14,24.80,74.00
2024-07-18 12:11:16,24.80,74.00
2024-07-18 12:11:18,24.80,74.30
2024-07-18 12:11:20,24.90,74.70
2024-07-18 12:11:22,24.90,74.80
2024-07-18 12:11:24,24.90,74.80
2024-07-18 12:11:26,24.90,74.80
2024-07-18 12:11:29,24.90,74.70
2024-07-18 12:11:31,24.90,74.80
2024-07-18 12:11:33,25.00,74.90
2024-07-18 12:11:35,25.00,75.10
2024-07-18 12:11:37,25.00,75.20
2024-07-18 12:11:39,25.00,75.30
2024-07-18 12:11:41,25.00,75.50
2024-07-18 12:11:43,25.10,75.70
2024-07-18 12:11:45,25.10,75.70
2024-07-18 12:11:47,25.10,75.80
2024-07-18 12:11:49,25.10,75.70
2024-07-18 12:11:51,25.10,75.70
2024-07-18 12:11:53,25.10,75.60
2024-07-18 12:11:55,25.20,75.70
2024-07-18 12:11:57,25.20,75.90
2024-07-18 12:11:59,25.20,75.90
2024-07-18 12:12:01,25.20,75.90
2024-07-18 12:12:03,25.20,76.10
2024-07-18 12:12:05,25.20,76.40
2024-07-18 12:12:07,25.30,76.40
2024-07-18 12:12:09,25.30,76.40
2024-07-18 12:12:11,25.30,76.40
2024-07-18 12:12:13,25.30,76.40
2024-07-18 12:12:15,25.30,76.30
2024-07-18 12:12:17,25.40,76.20
2024-07-18 12:12:19,25.40,76.30
2024-07-18 12:12:21,25.40,76.40
2024-07-18 12:12:23,25.40,76.40
2024-07-18 12:12:25,25.50,76.30
2024-07-18 12:12:27,25.50,76.40
2024-07-18 12:12:29,25.50,76.50
2024-07-18 12:12:31,25.50,76.60
2024-07-18 12:12:33,25.50,76.60
2024-07-18 12:12:35,25.50,76.60
2024-07-18 12:12:37,25.50,76.50
2024-07-18 12:12:39,25.60,76.50
2024-07-18 12:12:41,25.60,76.70
2024-07-18 12:12:43,25.60,76.80
2024-07-18 12:12:45,25.70,76.80
2024-07-18 12:12:48,25.60,76.90
2024-07-18 12:12:50,25.70,77.00
2024-07-18 12:12:52,25.70,77.20
2024-07-18 12:12:54,25.70,77.40
2024-07-18 12:12:56,25.70,77.40
2024-07-18 12:12:58,25.70,77.40
2024-07-18 12:13:00,25.80,77.20
2024-07-18 12:13:02,25.80,77.30
2024-07-18 12:13:04,25.80,77.40
2024-07-18 12:13:06,25.80,77.40
2024-07-18 12:13:08,25.80,77.40
2024-07-18 12:13:10,25.80,77.40
2024-07-18 12:13:12,25.80,77.30
2024-07-18 12:13:14,25.80,77.00
2024-07-18 12:13:16,25.80,76.90
2024-07-18 12:13:18,25.80,76.80
2024-07-18 12:13:20,25.80,76.80
2024-07-18 12:13:22,25.90,76.70
2024-07-18 12:13:24,25.80,76.70
2024-07-18 12:13:26,25.90,76.60
2024-07-18 12:13:28,25.90,76.40
2024-07-18 12:13:30,25.90,76.20
2024-07-18 12:13:32,25.90,76.10
2024-07-18 12:13:34,25.90,75.80
2024-07-18 12:13:36,25.90,75.70
2024-07-18 12:13:38,25.90,75.40
2024-07-18 12:13:40,25.90,75.20
2024-07-18 12:13:42,25.90,75.20
2024-07-18 12:13:44,25.90,75.20
2024-07-18 12:13:46,25.90,75.20
2024-07-18 12:13:48,25.90,75.10
2024-07-18 12:13:50,25.90,74.80
2024-07-18 12:13:52,25.90,74.50
2024-07-18 12:13:54,25.90,74.40
2024-07-18 12:13:56,25.90,74.20
2024-07-18 12:13:59,25.90,73.80
2024-07-18 12:14:01,25.90,73.60
2024-07-18 12:14:03,25.80,73.50
2024-07-18 12:14:05,25.80,73.50
2024-07-18 12:14:07,25.80,73.30
2024-07-18 12:14:09,25.80,73.40
2024-07-18 12:14:11,25.80,73.30
2024-07-18 12:14:13,25.80,73.00
2024-07-18 12:14:15,25.80,72.60
2024-07-18 12:14:17,25.80,72.50
2024-07-18 12:14:19,25.80,72.20
2024-07-18 12:14:21,25.80,72.00
2024-07-18 12:14:23,25.70,72.10
2024-07-18 12:14:25,25.70,72.20
2024-07-18 12:14:27,25.70,72.30
2024-07-18 12:14:29,25.70,72.40
2024-07-18 12:14:31,25.70,72.50
2024-07-18 12:14:33,25.70,72.60
2024-07-18 12:14:35,25.70,72.70
2024-07-18 12:14:37,25.70,72.80
2024-07-18 12:14:39,25.70,72.80
2024-07-18 12:14:41,25.70,73.00
2024-07-18 12:14:43,25.70,73.00
2024-07-18 12:14:45,25.70,73.00
2024-07-18 12:14:47,25.70,73.00
2024-07-18 12:14:49,25.70,73.10
2024-07-18 12:14:51,25.70,73.20
2024-07-18 12:14:53,25.70,73.20
2024-07-18 12:14:55,25.80,73.10
2024-07-18 12:14:57,25.80,73.10
2024-07-18 12:14:59,25.80,73.20
2024-07-18 12:15:01,25.80,73.20
2024-07-18 12:15:03,25.80,73.20
2024-07-18 12:15:05,25.80,73.20
2024-07-18 12:15:07,25.80,73.20
2024-07-18 12:15:09,25.80,73.20
2024-07-18 12:15:11,25.80,73.20
2024-07-18 12:15:13,25.90,73.20
2024-07-18 12:15:15,25.90,73.20
2024-07-18 12:15:18,25.90,73.20
2024-07-18 12:15:20,25.90,73.20
2024-07-18 12:15:22,25.90,73.20
2024-07-18 12:15:24,25.90,73.20
2024-07-18 12:15:26,25.90,73.10
2024-07-18 12:15:28,26.00,73.10
2024-07-18 12:15:30,26.00,73.50
2024-07-18 12:15:32,26.00,73.90
2024-07-18 12:15:34,26.00,74.40
2024-07-18 12:15:36,26.10,74.80
2024-07-18 12:15:38,26.10,74.90
2024-07-18 12:15:40,26.10,75.00
2024-07-18 12:15:42,26.10,75.00
2024-07-18 12:15:44,26.10,74.90
2024-07-18 12:15:46,26.10,75.00
2024-07-18 12:15:48,26.20,74.90
2024-07-18 12:15:50,26.20,75.00
2024-07-18 12:15:52,26.20,75.20
2024-07-18 12:15:54,26.20,75.60
2024-07-18 12:15:56,26.20,75.70
2024-07-18 12:15:58,26.20,75.90
2024-07-18 12:16:00,26.20,76.00
2024-07-18 12:16:02,26.20,75.90
2024-07-18 12:16:04,26.20,75.90
2024-07-18 12:16:06,26.20,75.90
2024-07-18 12:16:08,26.20,75.80
2024-07-18 12:16:10,26.30,75.70
2024-07-18 12:16:12,26.30,75.70
2024-07-18 12:16:14,26.30,75.80
2024-07-18 12:16:16,26.30,76.00
2024-07-18 12:16:18,26.30,76.10
2024-07-18 12:16:20,26.30,76.30
2024-07-18 12:16:22,26.30,76.40
2024-07-18 12:16:24,26.40,76.40
2024-07-18 12:16:26,26.40,76.40
2024-07-18 12:16:28,26.40,76.40
2024-07-18 12:16:30,26.40,76.40
2024-07-18 12:16:32,26.40,76.40
2024-07-18 12:16:35,26.40,76.50
2024-07-18 12:16:37,26.40,76.50
2024-07-18 12:16:39,26.40,76.80
2024-07-18 12:16:41,26.40,76.90
2024-07-18 12:16:43,26.50,77.00
2024-07-18 12:16:45,26.50,77.30
2024-07-18 12:16:47,26.50,77.30
2024-07-18 12:16:49,26.50,77.30
2024-07-18 12:16:51,26.50,77.20
2024-07-18 12:16:53,26.50,77.20
2024-07-18 12:16:55,26.50,77.10
2024-07-18 12:16:57,26.50,77.20
2024-07-18 12:16:59,26.50,77.30
2024-07-18 12:17:01,26.50,77.50
2024-07-18 12:17:03,26.50,77.60
2024-07-18 12:17:05,26.50,77.80
2024-07-18 12:17:07,26.50,78.00
2024-07-18 12:17:09,26.60,78.10
2024-07-18 12:17:11,26.60,78.10
2024-07-18 12:17:13,26.60,78.10
2024-07-18 12:17:15,26.60,78.00
2024-07-18 12:17:17,26.60,78.00
2024-07-18 12:17:19,26.60,78.00
2024-07-18 12:17:21,26.60,78.00
2024-07-18 12:17:23,26.60,78.30
2024-07-18 12:17:25,26.60,78.40
2024-07-18 12:17:27,26.60,78.60
2024-07-18 12:17:29,26.60,78.70
2024-07-18 12:17:31,26.60,78.80
2024-07-18 12:17:33,26.60,78.80
2024-07-18 12:17:35,26.60,78.70
2024-07-18 12:17:37,26.60,78.60
2024-07-18 12:17:39,26.60,78.60
2024-07-18 12:17:41,26.60,78.60
2024-07-18 12:17:43,26.60,78.60
2024-07-18 12:17:45,26.60,78.40
2024-07-18 12:17:47,26.60,78.30
2024-07-18 12:17:49,26.60,78.20
2024-07-18 12:17:51,26.60,78.00
2024-07-18 12:17:54,26.60,77.70
2024-07-18 12:17:56,26.60,77.60
2024-07-18 12:17:58,26.60,77.50
2024-07-18 12:18:00,26.60,77.50
2024-07-18 12:18:02,26.60,77.50
2024-07-18 12:18:04,26.60,77.50
2024-07-18 12:18:06,26.60,77.40
2024-07-18 12:18:08,26.60,77.30
2024-07-18 12:18:10,26.60,76.90
2024-07-18 12:18:12,26.60,76.70
2024-07-18 12:18:14,26.60,76.40
2024-07-18 12:18:16,26.50,76.10
2024-07-18 12:18:18,26.50,75.80
2024-07-18 12:18:20,26.50,75.70
2024-07-18 12:18:22,26.50,75.60
2024-07-18 12:18:24,26.50,75.70
2024-07-18 12:18:26,26.50,75.80
2024-07-18 12:18:28,26.50,75.70
2024-07-18 12:18:30,26.50,75.60
2024-07-18 12:18:32,26.50,75.30
2024-07-18 12:18:34,26.40,75.00
2024-07-18 12:18:36,26.40,74.60
2024-07-18 12:18:38,26.40,74.30
2024-07-18 12:18:40,26.40,74.00
2024-07-18 12:18:42,26.30,73.90
2024-07-18 12:18:44,26.30,73.90
2024-07-18 12:18:46,26.30,74.00
2024-07-18 12:18:48,26.30,74.20
2024-07-18 12:18:50,26.30,74.30
2024-07-18 12:18:52,26.30,74.40
2024-07-18 12:18:54,26.20,74.30
2024-07-18 12:18:56,26.20,74.10
2024-07-18 12:18:58,26.20,73.90
2024-07-18 12:19:00,26.20,73.40
2024-07-18 12:19:02,26.20,73.00
2024-07-18 12:19:04,26.20,73.00
2024-07-18 12:19:06,26.20,73.00
2024-07-18 12:19:08,26.10,73.10
2024-07-18 12:19:11,26.10,73.20
2024-07-18 12:19:13,26.10,73.30
2024-07-18 12:19:15,26.10,73.40
2024-07-18 12:19:17,26.10,73.00
2024-07-18 12:19:19,26.10,72.80
2024-07-18 12:19:21,26.10,72.60
2024-07-18 12:19:23,26.00,72.30
2024-07-18 12:19:25,26.00,72.10
2024-07-18 12:19:27,26.00,71.90
2024-07-18 12:19:29,26.00,71.90
2024-07-18 12:19:31,26.00,71.90
2024-07-18 12:19:33,26.00,72.00
2024-07-18 12:19:35,25.90,72.20
2024-07-18 12:19:37,25.90,72.20
2024-07-18 12:19:39,25.90,72.00
2024-07-18 12:19:41,25.90,71.90
2024-07-18 12:19:43,25.90,71.80
2024-07-18 12:19:45,25.90,71.60
2024-07-18 12:19:47,25.90,71.40
2024-07-18 12:19:49,25.90,71.30
2024-07-18 12:19:51,25.90,71.30
2024-07-18 12:19:53,25.80,71.50
2024-07-18 12:19:55,25.80,71.60
2024-07-18 12:19:57,25.80,71.70
2024-07-18 12:19:59,25.80,71.80
2024-07-18 12:20:01,25.80,71.70
2024-07-18 12:20:03,25.80,71.50
2024-07-18 12:20:05,25.80,71.30
2024-07-18 12:20:07,25.80,70.90
2024-07-18 12:20:09,25.80,70.70
2024-07-18 12:20:11,25.80,70.60
2024-07-18 12:20:13,25.70,70.60
2024-07-18 12:20:15,25.70,70.60
2024-07-18 12:20:17,25.70,70.70
2024-07-18 12:20:19,25.70,70.80
2024-07-18 12:20:21,25.70,70.90
2024-07-18 12:20:23,25.70,70.80
2024-07-18 12:20:25,25.70,70.70
2024-07-18 12:20:27,25.70,70.40
2024-07-18 12:20:30,25.70,70.30
2024-07-18 12:20:32,25.60,69.80
2024-07-18 12:20:34,25.60,69.60
2024-07-18 12:20:36,25.60,69.50
2024-07-18 12:20:38,25.50,69.60
2024-07-18 12:20:40,25.50,69.70
2024-07-18 12:20:42,25.50,69.80
2024-07-18 12:20:44,25.50,70.00
2024-07-18 12:20:46,25.50,69.90
2024-07-18 12:20:48,25.50,69.70
2024-07-18 12:20:50,25.50,69.40
2024-07-18 12:20:52,25.50,69.30
2024-07-18 12:20:54,25.40,69.10
2024-07-18 12:20:56,25.40,68.90
2024-07-18 12:20:58,25.40,68.90
2024-07-18 12:21:00,25.40,69.00
2024-07-18 12:21:02,25.40,69.10
2024-07-18 12:21:04,25.40,69.20
2024-07-18 12:21:06,25.30,69.40
2024-07-18 12:21:08,25.30,69.50
2024-07-18 12:21:10,25.30,69.40
2024-07-18 12:21:12,25.30,69.30
2024-07-18 12:21:14,25.30,69.20
2024-07-18 12:21:16,25.30,69.10
2024-07-18 12:21:18,25.30,68.80
2024-07-18 12:21:20,25.20,68.90
2024-07-18 12:21:22,25.20,68.80
2024-07-18 12:21:24,25.20,68.80
2024-07-18 12:21:26,25.20,68.90
2024-07-18 12:21:28,25.20,69.00
2024-07-18 12:21:30,25.20,69.10
2024-07-18 12:21:32,25.20,69.00
2024-07-18 12:21:34,25.20,68.90
2024-07-18 12:21:36,25.20,68.80
2024-07-18 12:21:38,25.20,68.50
2024-07-18 12:21:40,25.20,68.30
2024-07-18 12:21:42,25.20,68.10
2024-07-18 12:21:44,25.20,68.00
2024-07-18 12:21:47,25.10,68.10
2024-07-18 12:21:49,25.10,68.20
2024-07-18 12:21:51,25.10,68.30
2024-07-18 12:21:53,25.10,68.30
2024-07-18 12:21:55,25.10,68.30
2024-07-18 12:21:57,25.10,68.10
2024-07-18 12:21:59,25.10,67.90
2024-07-18 12:22:01,25.10,67.80
2024-07-18 12:22:03,25.00,67.60
2024-07-18 12:22:05,25.00,67.50
2024-07-18 12:22:07,25.00,67.40
2024-07-18 12:22:09,25.00,67.50
2024-07-18 12:22:11,25.00,67.70
2024-07-18 12:22:13,25.00,67.80
2024-07-18 12:22:15,25.00,68.00
2024-07-18 12:22:17,25.00,68.00
2024-07-18 12:22:19,25.00,67.90
2024-07-18 12:22:21,24.90,67.70
2024-07-18 12:22:23,24.90,67.60
2024-07-18 12:22:25,24.90,67.20
2024-07-18 12:22:27,24.90,67.00
2024-07-18 12:22:29,24.90,67.00
2024-07-18 12:22:31,24.90,67.10
2024-07-18 12:22:33,24.90,67.20
2024-07-18 12:22:35,24.90,67.40
2024-07-18 12:22:37,24.90,67.50
2024-07-18 12:22:39,24.90,67.50
2024-07-18 12:22:41,24.90,67.40
2024-07-18 12:22:43,24.90,67.10
2024-07-18 12:22:45,24.90,66.90
2024-07-18 12:22:47,24.80,66.80
2024-07-18 12:22:49,24.80,66.60
2024-07-18 12:22:51,24.80,66.50
2024-07-18 12:22:53,24.80,66.50
2024-07-18 12:22:55,24.80,66.50
2024-07-18 12:22:57,24.80,66.60
2024-07-18 12:22:59,24.80,66.80
2024-07-18 12:23:01,24.80,66.80
2024-07-18 12:23:03,24.80,66.70
2024-07-18 12:23:06,24.80,66.50
2024-07-18 12:23:08,24.80,66.40
2024-07-18 12:23:10,24.80,66.30
2024-07-18 12:23:12,24.80,66.10
2024-07-18 12:23:14,24.80,66.00
2024-07-18 12:23:16,24.70,66.20
2024-07-18 12:23:18,24.70,66.40
2024-07-18 12:23:20,24.70,66.50
2024-07-18 12:23:22,24.70,67.10
2024-07-18 12:23:24,24.70,67.50
2024-07-18 12:23:26,24.70,67.80
2024-07-18 12:23:28,24.70,67.70
2024-07-18 12:23:30,24.70,67.60
2024-07-18 12:23:32,24.70,67.50
2024-07-18 12:23:34,24.70,67.20
2024-07-18 12:23:36,24.70,67.20
2024-07-18 12:23:38,24.60,67.30
2024-07-18 12:23:40,24.60,67.40
2024-07-18 12:23:42,24.60,67.50
2024-07-18 12:23:44,24.60,67.60
2024-07-18 12:23:46,24.60,67.70
2024-07-18 12:23:48,24.60,67.60
2024-07-18 12:23:50,24.60,67.50
2024-07-18 12:23:52,24.60,67.30
2024-07-18 12:23:54,24.60,67.10
2024-07-18 12:23:56,24.60,66.80
2024-07-18 12:23:58,24.60,66.60
2024-07-18 12:24:00,24.60,66.50
2024-07-18 12:24:02,24.60,66.50
2024-07-18 12:24:04,24.60,66.60
2024-07-18 12:24:06,24.60,66.70
2024-07-18 12:24:08,24.60,66.90
2024-07-18 12:24:10,24.60,67.10
2024-07-18 12:24:12,24.60,67.10
2024-07-18 12:24:14,24.50,67.10
2024-07-18 12:24:16,24.60,67.00
2024-07-18 12:24:18,24.60,66.90
2024-07-18 12:24:20,24.50,66.80
2024-07-18 12:24:22,24.50,66.80
2024-07-18 12:24:25,24.50,67.00
2024-07-18 12:24:27,24.50,67.10
2024-07-18 12:24:29,24.50,67.20
2024-07-18 12:24:31,24.50,67.40
2024-07-18 12:24:33,24.50,67.50
2024-07-18 12:24:35,24.50,67.60
2024-07-18 12:24:37,24.50,67.60
2024-07-18 12:24:39,24.50,67.50
2024-07-18 12:24:41,24.50,67.30
2024-07-18 12:24:43,24.50,67.00
2024-07-18 12:24:45,24.50,66.90
2024-07-18 12:24:47,24.50,67.00
2024-07-18 12:24:49,24.50,67.00
2024-07-18 12:24:51,24.50,67.20
2024-07-18 12:24:53,24.50,67.20
2024-07-18 12:24:55,24.50,67.30
2024-07-18 12:24:57,24.50,67.20
2024-07-18 12:24:59,24.50,67.00
2024-07-18 12:25:01,24.50,66.90
2024-07-18 12:25:03,24.50,66.70
2024-07-18 12:25:05,24.40,66.50
2024-07-18 12:25:07,24.40,66.40
2024-07-18 12:25:09,24.40,66.50
2024-07-18 12:25:11,24.40,66.50
2024-07-18 12:25:13,24.40,66.70
2024-07-18 12:25:15,24.40,66.90
2024-07-18 12:25:17,24.40,67.10
2024-07-18 12:25:19,24.40,67.20
2024-07-18 12:25:21,24.40,67.20
2024-07-18 12:25:23,24.40,67.00
2024-07-18 12:25:25,24.40,66.90
2024-07-18 12:25:27,24.40,66.60
2024-07-18 12:25:29,24.40,66.40
2024-07-18 12:25:31,24.40,66.30
2024-07-18 12:25:33,24.40,66.30
2024-07-18 12:25:35,24.40,66.30
2024-07-18 12:25:37,24.30,66.40
2024-07-18 12:25:39,24.40,66.50
2024-07-18 12:25:42,24.30,66.60
2024-07-18 12:25:44,24.30,66.50
2024-07-18 12:25:46,24.40,66.40
2024-07-18 12:25:48,24.40,66.30
2024-07-18 12:25:50,24.40,66.10
2024-07-18 12:25:52,24.30,65.80
2024-07-18 12:25:54,24.30,65.70
2024-07-18 12:25:56,24.30,65.80
2024-07-18 12:25:58,24.30,65.80
2024-07-18 12:26:00,24.30,65.90
2024-07-18 12:26:02,24.30,66.10
2024-07-18 12:26:04,24.30,66.20
2024-07-18 12:26:06,24.30,66.40
2024-07-18 12:26:08,24.30,66.40
2024-07-18 12:26:10,24.30,66.40
2024-07-18 12:26:12,24.30,66.30
2024-07-18 12:26:14,24.30,66.20
2024-07-18 12:26:16,24.30,66.20
2024-07-18 12:26:18,24.30,66.30
2024-07-18 12:26:20,24.30,66.40
2024-07-18 12:26:22,24.30,66.50
2024-07-18 12:26:24,24.30,66.60
2024-07-18 12:26:26,24.30,66.60
2024-07-18 12:26:28,24.30,66.80
2024-07-18 12:26:30,24.30,67.20
2024-07-18 12:26:32,24.30,67.60
2024-07-18 12:26:34,24.30,68.20
2024-07-18 12:26:36,24.30,68.70
2024-07-18 12:26:38,24.30,69.10
2024-07-18 12:26:40,24.30,69.10
2024-07-18 12:26:42,24.30,69.20
2024-07-18 12:26:44,24.30,69.20
2024-07-18 12:26:46,24.30,69.20
2024-07-18 12:26:48,24.30,69.40
2024-07-18 12:26:50,24.40,69.60
2024-07-18 12:26:52,24.40,70.00
2024-07-18 12:26:54,24.40,70.40
2024-07-18 12:26:56,24.40,70.80
2024-07-18 12:26:59,24.50,71.20
2024-07-18 12:27:01,24.50,71.70
2024-07-18 12:27:03,24.50,71.90
2024-07-18 12:27:05,24.50,71.90
2024-07-18 12:27:07,24.50,71.80
2024-07-18 12:27:09,24.50,71.80
2024-07-18 12:27:11,24.50,71.70
2024-07-18 12:27:13,24.50,71.70
2024-07-18 12:27:15,24.60,72.00
2024-07-18 12:27:17,24.60,72.50
2024-07-18 12:27:19,24.60,72.90
2024-07-18 12:27:21,24.70,73.30
2024-07-18 12:27:23,24.60,73.60
2024-07-18 12:27:25,24.70,73.70
2024-07-18 12:27:27,24.70,73.70
2024-07-18 12:27:29,24.70,73.80
2024-07-18 12:27:31,24.70,73.90
2024-07-18 12:27:33,24.70,73.90
2024-07-18 12:27:35,24.80,74.00
2024-07-18 12:27:37,24.80,74.20
2024-07-18 12:27:39,24.80,74.40
2024-07-18 12:27:41,24.80,74.80
2024-07-18 12:27:43,24.80,75.20
2024-07-18 12:27:45,24.80,75.60
2024-07-18 12:27:47,24.90,75.80
2024-07-18 12:27:49,24.90,76.00
2024-07-18 12:27:51,24.90,76.00
2024-07-18 12:27:53,24.90,76.00
2024-07-18 12:27:55,24.90,76.00
2024-07-18 12:27:57,24.90,76.00
2024-07-18 12:27:59,24.90,76.00
2024-07-18 12:28:01,25.00,76.00
2024-07-18 12:28:03,25.00,76.10
2024-07-18 12:28:05,25.00,76.20
2024-07-18 12:28:07,25.00,76.40
2024-07-18 12:28:09,25.10,76.50
2024-07-18 12:28:11,25.10,76.60
2024-07-18 12:28:13,25.10,76.70
2024-07-18 12:28:15,25.10,76.70
2024-07-18 12:28:18,25.20,76.70
2024-07-18 12:28:20,25.20,76.70
2024-07-18 12:28:22,25.20,76.60
2024-07-18 12:28:24,25.20,76.70
2024-07-18 12:28:26,25.20,77.00
2024-07-18 12:28:28,25.30,77.00
2024-07-18 12:28:30,25.30,77.20
2024-07-18 12:28:32,25.30,77.40
2024-07-18 12:28:34,25.30,77.50
2024-07-18 12:28:36,25.30,77.60
2024-07-18 12:28:38,25.40,77.50
2024-07-18 12:28:40,25.40,77.50
2024-07-18 12:28:42,25.40,77.40
2024-07-18 12:28:44,25.40,77.40
2024-07-18 12:28:46,25.50,77.30
2024-07-18 12:28:48,25.50,77.30
2024-07-18 12:28:50,25.50,77.40
2024-07-18 12:28:52,25.50,77.40
2024-07-18 12:28:54,25.50,77.60
2024-07-18 12:28:56,25.50,77.70
2024-07-18 12:28:58,25.60,77.80
2024-07-18 12:29:00,25.60,77.70
2024-07-18 12:29:02,25.60,77.70
2024-07-18 12:29:04,25.60,77.60
2024-07-18 12:29:06,25.60,77.60
2024-07-18 12:29:08,25.70,77.70
2024-07-18 12:29:10,25.70,77.90
2024-07-18 12:29:12,25.70,78.10
2024-07-18 12:29:14,25.70,78.40
2024-07-18 12:29:16,25.80,78.40
2024-07-18 12:29:18,25.80,78.50
2024-07-18 12:29:20,25.80,78.50
2024-07-18 12:29:22,25.80,78.50
2024-07-18 12:29:24,25.80,78.60
2024-07-18 12:29:26,25.80,78.50
2024-07-18 12:29:28,25.80,78.50
2024-07-18 12:29:30,25.80,78.60
2024-07-18 12:29:32,25.80,78.70
2024-07-18 12:29:35,25.90,78.90
2024-07-18 12:29:37,25.90,78.90
2024-07-18 12:29:39,25.90,78.70
2024-07-18 12:29:41,25.90,78.60
2024-07-18 12:29:43,25.90,78.60
2024-07-18 12:29:45,25.90,78.50
2024-07-18 12:29:47,25.90,78.50
2024-07-18 12:29:49,25.90,78.50
2024-07-18 12:29:51,25.90,78.40
2024-07-18 12:29:53,25.90,78.30
2024-07-18 12:29:55,25.90,78.10
2024-07-18 12:29:57,25.90,77.80
2024-07-18 12:29:59,25.90,77.70
2024-07-18 12:30:01,25.90,77.40
2024-07-18 12:30:03,25.90,77.10
2024-07-18 12:30:05,25.90,76.90
2024-07-18 12:30:07,25.90,76.80
2024-07-18 12:30:09,25.90,76.70
2024-07-18 12:30:11,25.90,76.70
2024-07-18 12:30:13,25.90,76.70
2024-07-18 12:30:15,25.90,76.60
2024-07-18 12:30:17,25.90,76.30
2024-07-18 12:30:19,25.90,75.90
2024-07-18 12:30:21,25.90,75.40
2024-07-18 12:30:23,25.90,75.00
2024-07-18 12:30:25,25.80,74.60
2024-07-18 12:30:27,25.80,74.40
2024-07-18 12:30:29,25.80,74.40
2024-07-18 12:30:31,25.80,74.50
2024-07-18 12:30:33,25.80,74.70
2024-07-18 12:30:35,25.80,74.70
2024-07-18 12:30:37,25.80,74.80
2024-07-18 12:30:39,25.80,74.80
2024-07-18 12:30:41,25.80,74.60
2024-07-18 12:30:43,25.80,74.10
2024-07-18 12:30:45,25.80,73.70
2024-07-18 12:30:47,25.70,73.40
2024-07-18 12:30:49,25.70,73.20
2024-07-18 12:30:51,25.70,73.00
2024-07-18 12:30:54,25.70,73.20
2024-07-18 12:30:56,25.70,73.30
2024-07-18 12:30:58,25.70,73.50
2024-07-18 12:31:00,25.70,73.60
2024-07-18 12:31:02,25.70,73.60
2024-07-18 12:31:04,25.70,73.40
2024-07-18 12:31:06,25.70,73.30
2024-07-18 12:31:08,25.60,73.00
2024-07-18 12:31:10,25.60,72.60
2024-07-18 12:31:12,25.60,72.30
2024-07-18 12:31:14,25.60,72.20
2024-07-18 12:31:16,25.60,72.20
2024-07-18 12:31:18,25.60,72.20
2024-07-18 12:31:20,25.60,72.30
2024-07-18 12:31:22,25.60,72.40
2024-07-18 12:31:24,25.60,72.40
2024-07-18 12:31:26,25.50,72.20
2024-07-18 12:31:28,25.50,71.80
2024-07-18 12:31:30,25.50,71.60
2024-07-18 12:31:32,25.50,71.30
2024-07-18 12:31:34,25.50,71.10
2024-07-18 12:31:36,25.40,71.20
2024-07-18 12:31:38,25.40,71.20
2024-07-18 12:31:40,25.40,71.30
2024-07-18 12:31:42,25.40,71.40
2024-07-18 12:31:44,25.40,71.50
2024-07-18 12:31:46,25.40,71.70
2024-07-18 12:31:48,25.40,71.60
2024-07-18 12:31:50,25.40,71.40
2024-07-18 12:31:52,25.40,71.20
2024-07-18 12:31:54,25.30,71.00
2024-07-18 12:31:56,25.30,70.60
2024-07-18 12:31:58,25.30,70.60
2024-07-18 12:32:00,25.30,70.70
2024-07-18 12:32:02,25.30,70.80
2024-07-18 12:32:04,25.30,70.90
2024-07-18 12:32:06,25.30,71.10
2024-07-18 12:32:08,25.20,71.20
2024-07-18 12:32:11,25.20,70.90
2024-07-18 12:32:13,25.20,70.70
2024-07-18 12:32:15,25.20,70.40
2024-07-18 12:32:17,25.20,70.20
2024-07-18 12:32:19,25.20,69.90
2024-07-18 12:32:21,25.20,69.70
2024-07-18 12:32:23,25.10,69.70
2024-07-18 12:32:25,25.10,69.80
2024-07-18 12:32:27,25.10,70.00
2024-07-18 12:32:29,25.10,70.10
2024-07-18 12:32:31,25.10,70.30
2024-07-18 12:32:33,25.10,70.40
2024-07-18 12:32:35,25.10,70.40
2024-07-18 12:32:37,25.10,70.30
2024-07-18 12:32:39,25.10,70.30
2024-07-18 12:32:41,25.10,70.10
2024-07-18 12:32:43,25.00,69.70
2024-07-18 12:32:45,25.00,69.60
2024-07-18 12:32:47,25.00,69.50
2024-07-18 12:32:49,25.00,69.50
2024-07-18 12:32:51,25.00,69.60
2024-07-18 12:32:53,25.00,69.70
2024-07-18 12:32:55,25.00,69.80
2024-07-18 12:32:57,25.00,69.60
2024-07-18 12:32:59,25.00,69.20
2024-07-18 12:33:01,25.00,68.90
2024-07-18 12:33:03,25.00,68.80
2024-07-18 12:33:05,24.90,68.60
2024-07-18 12:33:07,25.00,68.50
2024-07-18 12:33:09,24.90,68.60
2024-07-18 12:33:11,24.90,68.80
2024-07-18 12:33:13,24.90,68.90
2024-07-18 12:33:15,24.90,69.00
2024-07-18 12:33:17,24.90,69.00
2024-07-18 12:33:19,24.90,68.90
2024-07-18 12:33:21,24.90,68.50
2024-07-18 12:33:23,24.90,68.30
2024-07-18 12:33:25,24.90,68.20
2024-07-18 12:33:27,24.90,68.00
2024-07-18 12:33:30,24.90,67.90
2024-07-18 12:33:32,24.80,68.00
2024-07-18 12:33:34,24.80,68.10
2024-07-18 12:33:36,24.80,68.20
2024-07-18 12:33:38,24.80,68.30
2024-07-18 12:33:40,24.80,68.30
2024-07-18 12:33:42,24.80,68.10
2024-07-18 12:33:44,24.80,67.90
2024-07-18 12:33:46,24.80,67.70
2024-07-18 12:33:48,24.80,67.40
2024-07-18 12:33:50,24.80,67.20
2024-07-18 12:33:52,24.80,67.10
2024-07-18 12:33:54,24.70,67.10
2024-07-18 12:33:56,24.70,67.20
2024-07-18 12:33:58,24.70,67.40
2024-07-18 12:34:00,24.70,67.50
2024-07-18 12:34:02,24.70,67.70
2024-07-18 12:34:04,24.70,67.60
2024-07-18 12:34:06,24.70,67.50
2024-07-18 12:34:08,24.60,67.40
2024-07-18 12:34:10,24.70,67.40
2024-07-18 12:34:12,24.60,67.20
2024-07-18 12:34:14,24.60,67.10
2024-07-18 12:34:16,24.60,67.40
2024-07-18 12:34:18,24.60,67.70
2024-07-18 12:34:20,24.60,67.80
2024-07-18 12:34:22,24.60,68.00
2024-07-18 12:34:24,24.60,68.20
2024-07-18 12:34:26,24.60,68.40
2024-07-18 12:34:28,24.60,68.60
2024-07-18 12:34:30,24.60,68.60
2024-07-18 12:34:32,24.60,68.30
2024-07-18 12:34:34,24.50,68.20
2024-07-18 12:34:36,24.50,68.20
2024-07-18 12:34:38,24.50,68.20
2024-07-18 12:34:40,24.50,68.30
2024-07-18 12:34:42,24.50,68.50
2024-07-18 12:34:44,24.50,68.60
2024-07-18 12:34:47,24.50,68.80
2024-07-18 12:34:49,24.50,68.70
2024-07-18 12:34:51,24.50,68.60
2024-07-18 12:34:53,24.50,68.40
2024-07-18 12:34:55,24.50,68.30
2024-07-18 12:34:57,24.50,68.20
2024-07-18 12:34:59,24.50,68.00
2024-07-18 12:35:01,24.50,67.90
2024-07-18 12:35:03,24.50,67.90
2024-07-18 12:35:05,24.50,68.00
2024-07-18 12:35:07,24.50,68.10
2024-07-18 12:35:09,24.50,68.20
2024-07-18 12:35:11,24.50,68.20
2024-07-18 12:35:13,24.50,68.20
2024-07-18 12:35:15,24.50,68.00
2024-07-18 12:35:17,24.50,67.70
2024-07-18 12:35:19,24.50,67.40
2024-07-18 12:35:21,24.50,67.10
2024-07-18 12:35:23,24.50,67.00
2024-07-18 12:35:25,24.50,67.10
2024-07-18 12:35:27,24.50,67.20
2024-07-18 12:35:29,24.50,67.40
2024-07-18 12:35:31,24.50,67.60
2024-07-18 12:35:33,24.50,67.80
2024-07-18 12:35:35,24.50,67.90
2024-07-18 12:35:37,24.50,67.80
2024-07-18 12:35:39,24.40,67.60
2024-07-18 12:35:41,24.40,67.60
2024-07-18 12:35:43,24.40,67.50
2024-07-18 12:35:45,24.40,67.40
2024-07-18 12:35:47,24.40,67.50
2024-07-18 12:35:49,24.40,67.70
2024-07-18 12:35:51,24.40,68.00
2024-07-18 12:35:53,24.40,68.20
2024-07-18 12:35:55,24.40,68.30
2024-07-18 12:35:57,24.40,68.40
2024-07-18 12:35:59,24.40,68.30
2024-07-18 12:36:01,24.40,68.20
2024-07-18 12:36:03,24.40,68.10
2024-07-18 12:36:06,24.40,68.00
2024-07-18 12:36:08,24.40,67.80
2024-07-18 12:36:10,24.40,67.70
2024-07-18 12:36:12,24.40,67.70
2024-07-18 12:36:14,24.40,67.90
2024-07-18 12:36:16,24.40,67.90
2024-07-18 12:36:18,24.40,68.00
2024-07-18 12:36:20,24.40,68.10
2024-07-18 12:36:22,24.50,68.10
2024-07-18 12:36:24,24.50,68.50
2024-07-18 12:36:26,24.60,68.90
2024-07-18 12:36:28,24.70,68.80
2024-07-18 12:36:30,24.80,68.20
2024-07-18 12:36:32,24.90,67.80
2024-07-18 12:36:34,25.00,67.50
2024-07-18 12:36:36,25.10,67.40
2024-07-18 12:36:38,25.10,67.20
2024-07-18 12:36:40,25.20,67.00
2024-07-18 12:36:42,25.20,66.90
2024-07-18 12:36:44,25.30,66.30
2024-07-18 12:36:46,25.30,65.80
2024-07-18 12:36:48,25.40,65.30
2024-07-18 12:36:50,25.40,65.00
2024-07-18 12:36:52,25.40,64.50
2024-07-18 12:36:54,25.40,64.10
2024-07-18 12:36:56,25.40,64.00
2024-07-18 12:36:58,25.40,63.90
2024-07-18 12:37:00,25.40,64.00
2024-07-18 12:37:02,25.30,64.10
2024-07-18 12:37:04,25.40,64.10
2024-07-18 12:37:06,25.30,63.90
2024-07-18 12:37:08,25.30,63.60
2024-07-18 12:37:10,25.30,63.30
2024-07-18 12:37:12,25.30,63.10
2024-07-18 12:37:14,25.20,62.90
2024-07-18 12:37:16,25.20,62.80
2024-07-18 12:37:18,25.20,62.90
2024-07-18 12:37:20,25.20,63.00
2024-07-18 12:37:22,25.20,63.20
2024-07-18 12:37:25,25.10,63.30
2024-07-18 12:37:27,25.10,63.40
2024-07-18 12:37:29,25.10,63.40
2024-07-18 12:37:31,25.10,63.20
2024-07-18 12:37:33,25.00,63.00
2024-07-18 12:37:35,25.00,62.90
2024-07-18 12:37:37,25.00,62.70
2024-07-18 12:37:39,25.00,62.60
2024-07-18 12:37:41,24.90,62.70
2024-07-18 12:37:43,24.90,62.80
2024-07-18 12:37:45,24.90,63.00
2024-07-18 12:37:47,24.90,63.20
2024-07-18 12:37:49,24.90,63.30
2024-07-18 12:37:51,24.90,63.50
2024-07-18 12:37:53,24.90,63.90
2024-07-18 12:37:55,24.90,64.20
2024-07-18 12:37:57,24.90,64.60
2024-07-18 12:37:59,24.80,64.90
2024-07-18 12:38:01,24.80,65.60
2024-07-18 12:38:03,24.80,65.90
2024-07-18 12:38:05,24.80,66.20
2024-07-18 12:38:07,24.90,66.30
2024-07-18 12:38:09,24.80,66.30
2024-07-18 12:38:11,24.90,66.30
2024-07-18 12:38:13,24.90,66.40
2024-07-18 12:38:15,24.90,66.90
2024-07-18 12:38:17,24.90,67.60
2024-07-18 12:38:19,24.90,68.00
2024-07-18 12:38:21,24.90,68.40
2024-07-18 12:38:23,24.90,68.90
2024-07-18 12:38:25,24.90,69.20
2024-07-18 12:38:27,24.90,69.40
2024-07-18 12:38:29,24.90,69.40
2024-07-18 12:38:31,24.90,69.50
2024-07-18 12:38:33,24.90,69.40
2024-07-18 12:38:35,24.90,69.30
2024-07-18 12:38:37,24.90,69.50
2024-07-18 12:38:39,24.90,69.90
2024-07-18 12:38:42,25.00,70.30
2024-07-18 12:38:44,25.00,70.50
2024-07-18 12:38:46,25.00,70.80
2024-07-18 12:38:48,25.00,71.00
2024-07-18 12:38:50,25.00,71.20
2024-07-18 12:38:52,25.00,71.20
2024-07-18 12:38:54,25.00,71.20
2024-07-18 12:38:56,25.10,71.10
2024-07-18 12:38:58,25.10,71.00
2024-07-18 12:39:00,25.10,71.00
2024-07-18 12:39:02,25.10,71.20
2024-07-18 12:39:04,25.10,71.70
2024-07-18 12:39:06,25.10,72.00
2024-07-18 12:39:08,25.20,72.40
2024-07-18 12:39:10,25.20,72.70
2024-07-18 12:39:12,25.20,72.90
2024-07-18 12:39:14,25.20,72.80
2024-07-18 12:39:16,25.20,72.80
2024-07-18 12:39:18,25.20,72.70
2024-07-18 12:39:20,25.20,72.70
2024-07-18 12:39:22,25.20,72.70
2024-07-18 12:39:24,25.20,72.70
2024-07-18 12:39:26,25.20,73.00
2024-07-18 12:39:28,25.30,73.10
2024-07-18 12:39:30,25.30,73.30
2024-07-18 12:39:32,25.30,73.40
2024-07-18 12:39:34,25.30,73.50
2024-07-18 12:39:36,25.30,73.50
2024-07-18 12:39:38,25.30,73.50
2024-07-18 12:39:40,25.30,73.50
2024-07-18 12:39:42,25.30,73.40
2024-07-18 12:39:44,25.40,73.40
2024-07-18 12:39:46,25.40,73.50
2024-07-18 12:39:48,25.40,73.70
2024-07-18 12:39:50,25.40,73.90
2024-07-18 12:39:52,25.50,74.00
2024-07-18 12:39:54,25.50,74.40
2024-07-18 12:39:56,25.50,74.50
2024-07-18 12:39:58,25.50,74.70
2024-07-18 12:40:01,25.50,74.70
2024-07-18 12:40:03,25.50,74.70
2024-07-18 12:40:05,25.50,74.60
2024-07-18 12:40:07,25.50,74.50
2024-07-18 12:40:09,25.50,74.60
2024-07-18 12:40:11,25.50,74.80
2024-07-18 12:40:13,25.50,75.00
2024-07-18 12:40:15,25.60,75.20
2024-07-18 12:40:17,25.60,75.30
2024-07-18 12:40:19,25.60,75.40
2024-07-18 12:40:21,25.60,75.50
2024-07-18 12:40:23,25.60,75.60
2024-07-18 12:40:25,25.60,75.50
2024-07-18 12:40:27,25.60,75.50
2024-07-18 12:40:29,25.70,75.50
2024-07-18 12:40:31,25.70,75.40
2024-07-18 12:40:33,25.70,75.50
2024-07-18 12:40:35,25.70,75.70
2024-07-18 12:40:37,25.70,75.80
2024-07-18 12:40:39,25.70,75.90
2024-07-18 12:40:41,25.70,76.20
2024-07-18 12:40:43,25.70,76.30
2024-07-18 12:40:45,25.80,76.20
2024-07-18 12:40:47,25.80,76.20
2024-07-18 12:40:49,25.80,76.20
2024-07-18 12:40:51,25.80,76.20
2024-07-18 12:40:53,25.80,76.20
2024-07-18 12:40:55,25.80,76.20
2024-07-18 12:40:57,25.80,76.30
2024-07-18 12:40:59,25.80,76.40
2024-07-18 12:41:01,25.90,76.60
2024-07-18 12:41:03,25.90,76.70
2024-07-18 12:41:05,25.90,76.90
2024-07-18 12:41:07,25.90,77.00
2024-07-18 12:41:09,25.90,77.00
2024-07-18 12:41:11,25.90,77.00
2024-07-18 12:41:13,25.90,76.90
2024-07-18 12:41:15,25.90,76.90
2024-07-18 12:41:18,25.90,76.80
2024-07-18 12:41:20,25.90,76.70
2024-07-18 12:41:22,25.90,76.60
2024-07-18 12:41:24,25.90,76.50
2024-07-18 12:41:26,25.90,76.40
2024-07-18 12:41:28,25.90,76.30
2024-07-18 12:41:30,25.90,76.30
2024-07-18 12:41:32,25.90,76.30
2024-07-18 12:41:34,25.90,76.30
2024-07-18 12:41:36,25.90,76.20
2024-07-18 12:41:38,26.00,76.20
2024-07-18 12:41:40,26.00,76.10
2024-07-18 12:41:42,26.00,76.00
2024-07-18 12:41:44,26.00,75.80
2024-07-18 12:41:46,26.00,75.70
2024-07-18 12:41:48,26.00,75.50
2024-07-18 12:41:50,26.00,75.20
2024-07-18 12:41:52,26.00,75.10
2024-07-18 12:41:54,26.00,75.10
2024-07-18 12:41:56,26.00,75.10
2024-07-18 12:41:58,26.00,75.10
2024-07-18 12:42:00,26.00,75.10
2024-07-18 12:42:02,26.00,74.90
2024-07-18 12:42:04,26.00,74.60
2024-07-18 12:42:06,26.00,74.30
2024-07-18 12:42:08,26.00,74.20
2024-07-18 12:42:10,26.00,74.00
2024-07-18 12:42:12,26.00,73.60
2024-07-18 12:42:14,26.00,73.40
2024-07-18 12:42:16,26.00,73.30
2024-07-18 12:42:18,25.90,73.40
2024-07-18 12:42:20,25.90,73.40
2024-07-18 12:42:22,26.00,73.40
2024-07-18 12:42:24,25.90,73.50
2024-07-18 12:42:26,26.00,73.40
2024-07-18 12:42:28,26.00,73.50
2024-07-18 12:42:30,26.00,73.50
2024-07-18 12:42:32,26.00,73.50
2024-07-18 12:42:34,26.00,73.60
2024-07-18 12:42:37,26.00,73.60
2024-07-18 12:42:39,26.00,73.60
2024-07-18 12:42:41,26.00,73.60
2024-07-18 12:42:43,26.00,73.60
2024-07-18 12:42:45,26.00,73.60
2024-07-18 12:42:47,26.10,73.50
2024-07-18 12:42:49,26.00,73.50
2024-07-18 12:42:51,26.10,73.40
2024-07-18 12:42:53,26.10,73.40
2024-07-18 12:42:55,26.10,73.40
2024-07-18 12:42:57,26.10,73.40
2024-07-18 12:42:59,26.10,73.40
2024-07-18 12:43:01,26.10,73.30
2024-07-18 12:43:03,26.10,73.30
2024-07-18 12:43:05,26.20,73.20
2024-07-18 12:43:07,26.20,73.20
2024-07-18 12:43:09,26.20,73.20
2024-07-18 12:43:11,26.20,73.20
2024-07-18 12:43:13,26.20,73.20
2024-07-18 12:43:15,26.20,73.10
2024-07-18 12:43:17,26.20,73.10
2024-07-18 12:43:19,26.20,73.10
2024-07-18 12:43:21,26.30,72.90
2024-07-18 12:43:23,26.30,72.90
2024-07-18 12:43:25,26.30,72.90
2024-07-18 12:43:27,26.30,73.10
2024-07-18 12:43:29,26.30,73.10
2024-07-18 12:43:31,26.30,73.10
2024-07-18 12:43:33,26.40,73.10
2024-07-18 12:43:35,26.40,73.10
2024-07-18 12:43:37,26.40,73.10
2024-07-18 12:43:39,26.40,73.10
2024-07-18 12:43:41,26.40,73.10
2024-07-18 12:43:43,26.40,73.10
2024-07-18 12:43:45,26.50,72.90
2024-07-18 12:43:47,26.50,72.80
2024-07-18 12:43:49,26.50,72.80
2024-07-18 12:43:51,26.50,72.70
2024-07-18 12:43:54,26.50,72.70
2024-07-18 12:43:56,26.60,72.60
2024-07-18 12:43:58,26.60,72.60
2024-07-18 12:44:00,26.60,72.60
2024-07-18 12:44:02,26.60,72.60
2024-07-18 12:44:04,26.60,72.60
2024-07-18 12:44:06,26.60,72.50
2024-07-18 12:44:08,26.60,72.40
2024-07-18 12:44:10,26.70,72.40
2024-07-18 12:44:12,26.70,72.40
2024-07-18 12:44:14,26.70,72.30
2024-07-18 12:44:16,26.70,72.20
2024-07-18 12:44:18,26.70,72.10
2024-07-18 12:44:20,26.70,72.10
2024-07-18 12:44:22,26.70,72.00
2024-07-18 12:44:24,26.80,71.80
2024-07-18 12:44:26,26.80,71.80
2024-07-18 12:44:28,26.80,71.70
2024-07-18 12:44:30,26.80,71.70
2024-07-18 12:44:32,26.80,71.60
2024-07-18 12:44:34,26.80,71.50
2024-07-18 12:44:36,26.80,71.50
2024-07-18 12:44:38,26.80,71.40
2024-07-18 12:44:40,26.90,71.30
2024-07-18 12:44:42,26.90,71.30
2024-07-18 12:44:44,26.90,71.30
2024-07-18 12:44:46,26.90,71.20
2024-07-18 12:44:48,27.00,71.00
2024-07-18 12:44:50,27.00,71.00
2024-07-18 12:44:52,27.00,71.00
2024-07-18 12:44:54,27.00,70.90
2024-07-18 12:44:56,27.00,70.80
2024-07-18 12:44:58,27.00,70.80
2024-07-18 12:45:00,27.00,70.70
2024-07-18 12:45:02,27.00,70.60
2024-07-18 12:45:04,27.00,70.60
2024-07-18 12:45:06,27.10,70.50
2024-07-18 12:45:08,27.10,70.40
2024-07-18 12:45:11,27.10,70.30
2024-07-18 12:45:13,27.10,70.30
2024-07-18 12:45:15,27.10,70.30
2024-07-18 12:45:17,27.10,70.20
2024-07-18 12:45:19,27.20,70.20
2024-07-18 12:45:21,27.20,70.20
2024-07-18 12:45:23,27.20,70.20
2024-07-18 12:45:25,27.20,70.20
2024-07-18 12:45:27,27.20,70.20
2024-07-18 12:45:29,27.20,70.20
2024-07-18 12:45:31,27.20,70.20
2024-07-18 12:45:33,27.20,70.10
2024-07-18 12:45:35,27.30,70.00
2024-07-18 12:45:37,27.30,70.00
2024-07-18 12:45:39,27.30,69.90
2024-07-18 12:45:41,27.30,69.90
2024-07-18 12:45:43,27.30,69.90
2024-07-18 12:45:45,27.30,69.90
2024-07-18 12:45:47,27.30,69.80
2024-07-18 12:45:49,27.30,69.70
2024-07-18 12:45:51,27.30,69.70
2024-07-18 12:45:53,27.30,69.70
2024-07-18 12:45:55,27.40,69.60
2024-07-18 12:45:57,27.40,69.70
2024-07-18 12:45:59,27.40,69.60
2024-07-18 12:46:01,27.40,69.60
2024-07-18 12:46:03,27.40,69.60
2024-07-18 12:46:05,27.40,69.50
2024-07-18 12:46:07,27.40,69.50
2024-07-18 12:46:09,27.50,69.30
2024-07-18 12:46:11,27.50,69.30
2024-07-18 12:46:13,27.50,69.20
2024-07-18 12:46:15,27.50,69.10
2024-07-18 12:46:17,27.50,69.00
2024-07-18 12:46:19,27.50,68.90
2024-07-18 12:46:21,27.50,68.90
2024-07-18 12:46:23,27.50,68.80
2024-07-18 12:46:25,27.50,68.80
2024-07-18 12:46:27,27.50,68.70
2024-07-18 12:46:30,27.60,68.70
2024-07-18 12:46:32,27.60,68.60
2024-07-18 12:46:34,27.60,68.60
2024-07-18 12:46:36,27.60,68.50
2024-07-18 12:46:38,27.60,68.50
2024-07-18 12:46:40,27.60,68.40
2024-07-18 12:46:42,27.60,68.40
2024-07-18 12:46:44,27.60,68.40
2024-07-18 12:46:46,27.60,68.40
2024-07-18 12:46:48,27.60,68.40
2024-07-18 12:46:50,27.60,68.40
2024-07-18 12:46:52,27.60,68.30
2024-07-18 12:46:54,27.70,68.30
2024-07-18 12:46:56,27.70,68.30
2024-07-18 12:46:58,27.70,68.30
2024-07-18 12:47:00,27.70,68.30
2024-07-18 12:47:02,27.70,68.30
2024-07-18 12:47:04,27.70,68.20
2024-07-18 12:47:06,27.70,68.20
2024-07-18 12:47:08,27.70,68.10
2024-07-18 12:47:10,27.70,68.00
2024-07-18 12:47:12,27.80,67.90
2024-07-18 12:47:14,27.80,67.90
2024-07-18 12:47:16,27.80,67.90
2024-07-18 12:47:18,27.80,67.90
2024-07-18 12:47:20,27.80,67.90
2024-07-18 12:47:22,27.80,67.80
2024-07-18 12:47:24,27.80,67.80
2024-07-18 12:47:26,27.80,67.80
2024-07-18 12:47:28,27.80,67.70
2024-07-18 12:47:30,27.80,67.70
2024-07-18 12:47:32,27.80,67.80
2024-07-18 12:47:34,27.90,67.80
2024-07-18 12:47:36,27.90,67.80
2024-07-18 12:47:38,27.90,67.80
2024-07-18 12:47:40,27.90,67.80
2024-07-18 12:47:42,27.90,67.70
2024-07-18 12:47:44,27.90,67.70
2024-07-18 12:47:47,27.90,67.70
2024-07-18 12:47:49,27.90,67.70
2024-07-18 12:47:51,27.90,67.70
2024-07-18 12:47:53,27.90,67.60
2024-07-18 12:47:55,28.00,67.50
2024-07-18 12:47:57,28.00,67.50
2024-07-18 12:47:59,28.00,67.50
2024-07-18 12:48:01,28.00,67.50
2024-07-18 12:48:03,28.00,67.50
2024-07-18 12:48:05,28.00,67.60
2024-07-18 12:48:07,28.00,67.60
2024-07-18 12:48:09,28.00,67.70
2024-07-18 12:48:11,28.00,67.70
2024-07-18 12:48:13,28.00,67.80
2024-07-18 12:48:15,28.10,67.80
2024-07-18 12:48:17,28.10,67.80
2024-07-18 12:48:19,28.10,68.00
2024-07-18 12:48:21,28.10,68.00
2024-07-18 12:48:23,28.10,68.10
2024-07-18 12:48:25,28.10,68.10
2024-07-18 12:48:27,28.10,68.20
2024-07-18 12:48:29,28.10,68.20
2024-07-18 12:48:31,28.10,68.30
2024-07-18 12:48:33,28.10,68.30
2024-07-18 12:48:35,28.20,68.40
2024-07-18 12:48:37,28.20,68.50
2024-07-18 12:48:39,28.20,68.50
2024-07-18 12:48:41,28.20,68.60
2024-07-18 12:48:43,28.20,68.60
2024-07-18 12:48:45,28.20,68.60
2024-07-18 12:48:47,28.20,68.70
2024-07-18 12:48:49,28.20,68.80
2024-07-18 12:48:51,28.20,68.80
2024-07-18 12:48:53,28.20,68.90
2024-07-18 12:48:55,28.20,69.00
2024-07-18 12:48:57,28.30,68.90
2024-07-18 12:48:59,28.30,69.00
2024-07-18 12:49:01,28.30,69.00
2024-07-18 12:49:03,28.30,69.10
2024-07-18 12:49:06,28.30,69.10
2024-07-18 12:49:08,28.30,69.20
2024-07-18 12:49:10,28.30,69.20
2024-07-18 12:49:12,28.30,69.20
2024-07-18 12:49:14,28.30,69.30
2024-07-18 12:49:16,28.30,69.30
2024-07-18 12:49:18,28.40,69.40
2024-07-18 12:49:20,28.40,69.50
2024-07-18 12:49:22,28.40,69.50
2024-07-18 12:49:24,28.40,69.50
2024-07-18 12:49:26,28.40,69.60
